Fecha,Column 3,Número
2020-10-31T20:51:17Z,Feliz Navidad,11889
2020-10-31T20:51:17Z,Feliz Navidad,12411
2020-11-24T13:49:56Z,Feliz Navidad,
2020-11-30T11:01:14Z,Feliz Navidad,
2020-11-29T14:07:50Z,Feliz Navidad,
2020-11-29T14:07:50Z,Feliz Navidad,
2020-11-29T14:07:50Z,Feliz Navidad,
2020-11-09T11:22:43Z,Feliz Navidad,11194
2020-11-09T11:22:43Z,Feliz Navidad,13075
2020-11-12T20:04:38Z,Feliz Navidad,14535
2020-11-04T09:36:09Z,Feliz Navidad,15144
2020-11-29T14:07:50Z,Feliz Navidad,15547
2020-11-29T14:07:50Z,Feliz Navidad,15808
2020-11-29T14:07:50Z,Feliz Navidad,16340
2020-11-29T14:07:50Z,Feliz Navidad,18034
2020-11-30T21:38:45Z,Feliz Navidad,20372
2020-11-30T21:38:45Z,Feliz Navidad,22685
2020-11-30T21:38:48Z,Feliz Navidad,24805
2020-12-01T22:40:12Z,Feliz Navidad,22026
2020-12-16T13:11:20Z,#FelizNavidad,
2020-12-16T13:11:20Z,#FelizNavidad,
2020-12-17T21:32:48Z,#FelizNavidad,
2020-12-17T21:37:03Z,Feliz Navidad,23450
2020-12-17T21:37:03Z,Feliz Navidad,23984
2020-12-17T21:55:22Z,Feliz Navidad,24656
2020-12-17T21:55:22Z,Feliz Navidad,25240
2020-12-17T21:55:22Z,Feliz Navidad,25767
2020-12-17T21:55:22Z,Feliz Navidad,26429
2020-12-25T18:05:39Z,Feliz Navidad,29345
2020-11-19T07:57:14Z,Feliz Navidad,29259
2020-11-19T07:57:14Z,Feliz Navidad,29207
2020-11-21T20:07:47Z,Feliz Navidad,52009
2020-11-21T20:07:47Z,Feliz Navidad,52321
2020-12-20T10:50:03Z,#FelizNavidad,
2020-12-20T10:50:03Z,#FelizNavidad,
2020-12-20T10:49:11Z,Feliz Navidad,58275
2020-12-20T10:49:11Z,Feliz Navidad,61590
2020-12-20T12:32:59Z,Feliz Navidad,64386
2020-11-22T16:03:00Z,Feliz Navidad,80675
2020-11-22T16:03:00Z,Feliz Navidad,81340
2020-11-22T08:32:30Z,Feliz Navidad,81879
2020-12-20T19:54:20Z,Feliz Navidad,82483
2020-12-20T19:54:20Z,Feliz Navidad,83159
2020-12-20T19:54:20Z,Feliz Navidad,78314
2020-11-27T17:43:22Z,Feliz Navidad,81106
2020-11-23T20:23:38Z,Feliz Navidad,81177
2020-11-23T20:23:38Z,Feliz Navidad,81565
2020-12-22T10:09:21Z,Feliz Navidad,82265
2020-12-22T10:09:21Z,Feliz Navidad,83489
2020-12-22T10:09:21Z,Feliz Navidad,85564
2020-12-21T12:26:31Z,Feliz Navidad,88660
2020-12-21T12:26:31Z,Feliz Navidad,92595
2020-12-20T19:54:20Z,Feliz Navidad,96842
2020-12-20T19:54:20Z,Feliz Navidad,102549
2020-12-20T19:54:20Z,Feliz Navidad,110347
2020-12-20T19:54:20Z,Feliz Navidad,117362
2020-12-16T03:27:40Z,Feliz Navidad,124591
2020-12-20T20:00:24Z,Feliz Navidad,132603
2020-12-20T14:13:10Z,Feliz Navidad,141412
2020-12-23T08:22:09Z,Feliz Navidad,151092
2020-12-23T08:22:09Z,Feliz Navidad,161916
2020-12-23T02:28:35Z,Feliz Navidad,173310
2020-12-23T02:28:35Z,Feliz Navidad,221659
2020-12-17T21:32:52Z,Feliz Navidad,229484
2020-12-24T16:27:20Z,Feliz Navidad,236376
2020-12-24T16:27:20Z,Feliz Navidad,245290
2020-12-21T12:26:31Z,Feliz Navidad,258309
2020-12-21T12:26:31Z,Feliz y Santa Navidad,
2020-12-17T21:33:15Z,Feliz Navidad,275925
2020-12-17T21:33:15Z,Feliz y Santa Navidad,
2020-12-17T21:33:15Z,Feliz Navidad,297559
2020-12-17T21:33:15Z,Feliz y Santa Navidad,
2020-12-17T21:33:15Z,Feliz Navidad,330151
2020-12-17T21:33:15Z,Feliz y Santa Navidad,
2020-12-17T21:33:15Z,Feliz Navidad,368879
2020-12-17T21:33:15Z,Feliz Navidad,416416
2020-12-17T21:33:15Z,Feliz Navidad,478303
2020-12-17T21:33:15Z,Feliz Navidad,540659
2020-12-17T21:33:15Z,Feliz Navidad,602133
2020-12-17T21:33:15Z,Feliz Navidad,668652
2020-12-17T21:33:15Z,Feliz Navidad,740462
2020-12-17T21:33:15Z,Feliz Navidad,806714
2020-12-17T21:33:15Z,Feliz Navidad,806714
2020-12-17T21:33:15Z,Feliz Navidad,864698
2020-12-17T21:33:15Z,Feliz Navidad,864698
2020-12-17T21:33:15Z,Feliz Navidad,930481
2020-12-17T21:33:15Z,Feliz Navidad,930481
2020-12-17T21:33:15Z,Feliz Navidad,930481
2020-12-17T21:33:15Z,Feliz Navidad,1010417
2020-12-17T21:33:15Z,Feliz Navidad,1010417
2020-12-17T21:33:15Z,Feliz Navidad,1093100
2020-12-17T21:33:15Z,Feliz Navidad,1171761
2020-12-17T21:33:15Z,Feliz Navidad,1171761
2020-12-17T21:33:15Z,Feliz Navidad,1248203
2020-12-17T21:33:15Z,Feliz Navidad,1248203
2020-12-17T21:33:15Z,Feliz Navidad,1284277
2020-12-17T21:33:15Z,Feliz Navidad Jordi,
2020-12-26T20:29:35Z,Feliz Navidad,989370
2020-12-25T21:29:35Z,Feliz Navidad,989370
2020-12-07T11:18:32Z,Feliz Navidad,1088077
2020-12-26T15:34:05Z,Feliz Navidad,1509474
2020-12-26T15:34:05Z,Feliz Navidad,16084
2020-12-25T18:07:49Z,Feliz Navidad,1453064
2020-12-25T18:07:49Z,Feliz Día de Navidad,38937
2020-12-17T21:33:15Z,#FelizNavidad,154000
2020-12-17T21:33:15Z,Feliz Día de Navidad,39375
2020-12-17T21:33:15Z,#PcComponentesFelizNavidad,
2020-12-17T21:33:15Z,Feliz Día de Navidad,39069
2020-12-17T21:33:15Z,#PcComponentesFelizNavidad,
2020-12-17T21:33:15Z,Feliz Día de Navidad,38805
2020-12-17T21:33:15Z,#PcComponentesFelizNavidad,
2020-12-17T21:33:15Z,Feliz Día de Navidad,38208
2020-12-20T19:54:20Z,#PcComponentesFelizNavidad,
2020-12-20T19:54:20Z,Y Feliz Navidad,630987
2020-12-20T19:54:20Z,#PcComponentesFelizNavidad,
2020-12-20T19:54:20Z,#PcComponentesFelizNavidad,
2020-12-20T19:54:20Z,#PcComponentesFelizNavidad,
2020-12-20T19:54:20Z,#PcComponentesFelizNavidad,
2020-12-24T15:51:58Z,#PcComponentesFelizNavidad,
